{"cameraMode":{"drawMode":0,"name":"Shaded","section":"Shading Mode"},"sceneLighting":true,"audioPlay":false,"sceneViewState":{"m_AlwaysRefresh":false,"showFog":true,"showSkybox":true,"showFlares":true,"showImageEffects":true,"showParticleSystems":true,"showVisualEffectGraphs":true,"m_FxEnabled":true},"in2DMode":false,"pivot":{"x":24.206207275390626,"y":21.320724487304689,"z":881.1316528320313},"rotation":{"x":0.06894811987876892,"y":-0.09382551908493042,"z":0.006513580679893494,"w":0.9931862950325012},"size":703.4588012695313,"orthographic":false}